<?xml version="1.0" encoding="UTF-8"?>

<component name="GridScreen" extends="Group"  initialFocus="RowList">
    <script type="text/brightscript" uri="GridScreen.brs" />
	 <interface>
        <!-- Specifies the content for the Grid -->
        <field id="content" type="node" alias="RowList.content" />
        <field id="rowItemSelected" type="intarray" alwaysnotify="true" alias="RowList.rowItemSelected" />
        <field id="jumpToRowItem" type="intarray" alias="RowList.jumpToRowItem" />
    </interface>
    <children>
        <Rectangle
            id="reservationRectangle"
            color="0xf6f6f6"
            width="840"
            height="340"
            translation="[100,260]" 
        />
        <Label
            id="reservationLabel"
            color="0x888888"
            width="700"
            height="400"
            translation="[140, 290]"
            font="font:MediumSystemFont"
        />
        <Label
	        id="titleLabel"
	        width="1020"
			translation="[520,335]"
            font="font:LargeSystemFont"
            color="0xFFA346"
            visible="true"
	    />
        <!-- Label with description of content.
	         wrap="true" and numLines="3" means that the text can be broken into three lines -->
        <Label
            id="arrivesLabel"
            text="Arrives:"
            width="600"
            translation="[520,380]"
            font="font:SmallBoldSystemFont"
            color="0x666666"
        />
        <Label
	        id="longDescriptionLabel"
	        wrap="true"
	        width="1000"
	        numLines="1"
			translation="[520,410]"
            color="0x666666"
            font="font:SmallSystemFont"
	    />
        <Label
            id="departsLabel"
            text="Departs:"
            width="600"
            translation="[520,450]"
            font="font:SmallBoldSystemFont"
            color="0x666666"
        />
        <Label
	        id="shortDescriptionLabel"
	        wrap="true"
	        width="1000"
	        numLines="1"
			translation="[520,480]"
            color="0x666666"
            font="font:SmallSystemFont"
	    />
        <Label
            id="viaLabel"
            text="Via:"
            width="600"
            translation="[680,380]"
            font="font:SmallBoldSystemFont"
            color="0x666666"
            visible="false"  
        />
        <RowList
            itemComponentName="RowListItemComponent"
            id="rowList"
            translation="[80,350]"
            numRows="2"
            rowitemSize="[[320,200]]"
            rowItemSpacing="[[20,0]]"
            rowHeights="[420,420,420]"
            itemSize="[1100,270]"
            rowLabelOffset="[[50,20]]"
            focusXOffset="70]"
            showRowLabel="[false]"
            rowFocusAnimationStyle="floatingfocus"
        />
    </children>
</component>
